CREATE DATABASE analytics;
\connect analytics;
CREATE SCHEMA raw_layer;
CREATE TABLE raw_layer.stock_segments (
	segmentid int4 NULL,
	segmentname varchar NULL,
	segmentname_eng varchar NULL
);

CREATE TABLE raw_layer.stock_sectors (
	sectorid int4 NULL,
	sectorname varchar NULL,
	sectorname_eng varchar NULL
);

CREATE TABLE raw_layer.stock_subsectors (
	subsectorid int4 NULL,
	subsectorname varchar NULL,
	subsectorname_eng varchar NULL
);

INSERT INTO raw_layer.stock_subsectors (subsectorid, subsectorname, subsectorname_eng)
VALUES
    (1, 'Comércio', 'Commerce'),
    (2, 'Construção e Engenharia', 'Construction and Engineering'),
    (3, 'Máquinas e Equipamentos', 'Machinery and Equipment'),
    (4, 'Material de Transporte', 'Transportation Material'),
    (5, 'Serviços', 'Services'),
    (6, 'Transporte', 'Transportation'),
    (7, 'Automóveis e Motocicletas', 'Automobiles and Motorcycles'),
    (8, 'Comércio', 'Commerce'),
    (9, 'Construção Civil', 'Civil Construction'),
    (10, 'Diversos', 'Miscellaneous'),
    (11, 'Hoteis e Restaurantes', 'Hotels and Restaurants'),
    (12, 'Mídia', 'Media'),
    (13, 'Tecidos. Vestuário e Calçados', 'Fabrics, Clothing, and Footwear'),
    (14, 'Utilidades Domésticas', 'Household Utilities'),
    (15, 'Viagens e Lazer', 'Travel and Leisure'),
    (16, 'Agropecuária', 'Agriculture and Livestock'),
    (17, 'Alimentos Processados', 'Processed Foods'),
    (18, 'Bebidas', 'Beverages'),
    (19, 'Comércio e Distribuição', 'Commerce and Distribution'),
    (20, 'Diversos', 'Miscellaneous'),
    (21, 'Produtos de Uso Pessoal e de Limpeza', 'Personal Use and Cleaning Products'),
    (22, 'Exploração de Imóveis', 'Real Estate Exploration'),
    (23, 'Holdings Diversificadas', 'Diversified Holdings'),
    (24, 'Intermediários Financeiros', 'Financial Intermediaries'),
    (25, 'Outros', 'Others'),
    (26, 'Previdência e Seguros', 'Pension and Insurance'),
    (28, 'Serviços Financeiros Diversos', 'Miscellaneous Financial Services'),
    (29, 'Embalagens', 'Packaging'),
    (30, 'Madeira e Papel', 'Wood and Paper'),
    (31, 'Materiais Diversos', 'Miscellaneous Materials'),
    (32, 'Mineração', 'Mining'),
    (33, 'Químicos', 'Chemicals'),
    (34, 'Siderurgia e Metalurgia', 'Steelmaking and Metallurgy'),
    (35, 'Petróleo. Gás e Biocombustíveis', 'Oil, Gas, and Biofuels'),
    (36, 'Comércio e Distribuição', 'Commerce and Distribution'),
    (37, 'Equipamentos', 'Equipment'),
    (38, 'Medicamentos e Outros Produtos', 'Medicines and Other Products'),
    (39, 'Serv.Méd.Hospit..Análises e Diagnósticos', 'Medical, Hospital Services, Analysis, and Diagnostics'),
    (40, 'Computadores e Equipamentos', 'Computers and Equipment'),
    (41, 'Programas e Serviços', 'Programs and Services'),
    (42, 'Telecomunicações', 'Telecommunications'),
    (43, 'Água e Saneamento', 'Water and Sanitation'),
    (44, 'Energia Elétrica', 'Electric Power'),
    (45, 'Gás', 'Gas'),
    (58, 'Mídia', 'Media'),
    (59, 'Biotecnologia', 'Biotechnology');

INSERT INTO raw_layer.stock_sectors (sectorid, sectorname, sectorname_eng)
VALUES
    (1, 'Bens Industriais', 'Industrial Goods'),
    (2, 'Consumo Cíclico', 'Cyclical Consumption'),
    (3, 'Consumo não Cíclico', 'Non-Cyclical Consumption'),
    (4, 'Financeiro e Outros', 'Financials and Others'),
    (5, 'Materiais Básicos', 'Basic Materials'),
    (6, 'Petróleo. Gás e Biocombustíveis', 'Oil, Gas, and Biofuels'),
    (7, 'Saúde', 'Health'),
    (8, 'Tecnologia da Informação', 'Information Technology'),
    (9, 'Comunicações', 'Communications'),
    (10, 'Utilidade Pública', 'Public Utilities');

INSERT INTO raw_layer.stock_segments (segmentid, segmentname, segmentname_eng)
VALUES
    (1, 'Material de Transporte', 'Transportation Material'),
    (2, 'Construção Pesada', 'Heavy Construction'),
    (3, 'Engenharia Consultiva', 'Consulting Engineering'),
    (4, 'Produtos para Construção', 'Construction Products'),
    (5, 'Serviços Diversos', 'Miscellaneous Services'),
    (6, 'Armas e Munições', 'Weapons and Ammunition'),
    (7, 'Máq. e Equip. Construção e Agrícolas', 'Construction and Agricultural Machinery'),
    (8, 'Máq. e Equip. Industriais', 'Industrial Machinery'),
    (9, 'Motores . Compressores e Outros', 'Engines, Compressors, and Others'),
    (10, 'Material Aeronáutico e de Defesa', 'Aeronautical and Defense Material'),
    (11, 'Material Rodoviário', 'Road Material'),
    (12, 'Serviços Diversos', 'Miscellaneous Services'),
    (13, 'Exploração de Rodovias', 'Highway Exploration'),
    (14, 'Serviços de Apoio e Armazenagem', 'Support and Storage Services'),
    (15, 'Transporte Aéreo', 'Air Transportation'),
    (16, 'Transporte Ferroviário', 'Rail Transportation'),
    (17, 'Transporte Hidroviário', 'Water Transportation'),
    (18, 'Transporte Rodoviário', 'Road Transportation'),
    (19, 'Automóveis e Motocicletas', 'Automobiles and Motorcycles'),
    (20, 'Eletrodomésticos', 'Home Appliances'),
    (21, 'Produtos Diversos', 'Miscellaneous Products'),
    (22, 'Tecidos. Vestuário e Calçados', 'Fabrics, Clothing, and Footwear'),
    (23, 'Incorporações', 'Incorporations'),
    (24, 'Aluguel de carros', 'Car Rentals'),
    (25, 'Programas de Fidelização', 'Loyalty Programs'),
    (26, 'Serviços Educacionais', 'Educational Services'),
    (27, 'Hotelaria', 'Hospitality'),
    (28, 'Restaurante e Similares', 'Restaurants and Similar'),
    (29, 'Jornais. Livros e Revistas', 'Newspapers, Books, and Magazines'),
    (30, 'Produção e Difusão de Filmes e Programas', 'Film and Program Production and Distribution'),
    (31, 'Acessórios', 'Accessories'),
    (32, 'Calçados', 'Footwear'),
    (33, 'Fios e Tecidos', 'Threads and Fabrics'),
    (34, 'Vestuário', 'Clothing'),
    (36, 'Móveis', 'Furniture'),
    (37, 'Utensílios Domésticos', 'Household Utensils'),
    (38, 'Bicicletas', 'Bicycles'),
    (39, 'Brinquedos e Jogos', 'Toys and Games'),
    (40, 'Produção de Eventos e Shows', 'Event and Show Production'),
    (41, 'Viagens e Turismo', 'Travel and Tourism'),
    (42, 'Agricultura', 'Agriculture'),
    (43, 'Açucar e Alcool', 'Sugar and Alcohol'),
    (44, 'Alimentos Diversos', 'Miscellaneous Food'),
    (45, 'Carnes e Derivados', 'Meats and Derivatives'),
    (46, 'Cervejas e Refrigerantes', 'Beers and Soft Drinks'),
    (47, 'Alimentos', 'Food'),
    (48, 'Produtos Diversos', 'Miscellaneous Products'),
    (49, 'Produtos de Limpeza', 'Cleaning Products'),
    (50, 'Produtos de Uso Pessoal', 'Personal Use Products'),
    (51, 'Exploração de Imóveis', 'Real Estate Exploration'),
    (52, 'Intermediação Imobiliária', 'Real Estate Brokerage'),
    (53, 'Holdings Diversificadas', 'Diversified Holdings'),
    (54, 'Bancos', 'Banks'),
    (56, 'Soc. Crédito e Financiamento', 'Credit and Financing Companies'),
    (57, 'Outros', 'Others'),
    (58, 'Corretoras de Seguros', 'Insurance Brokers'),
    (59, 'Seguradoras', 'Insurers'),
    (61, 'Gestão de Recursos e Investimentos', 'Resource and Investment Management'),
    (62, 'Serviços Financeiros Diversos', 'Miscellaneous Financial Services'),
    (63, 'Embalagens', 'Packaging'),
    (64, 'Madeira', 'Wood'),
    (65, 'Papel e Celulose', 'Paper and Pulp'),
    (66, 'Materiais Diversos', 'Miscellaneous Materials'),
    (67, 'Minerais Metálicos', 'Metallic Minerals'),
    (68, 'Minerais Não Metálicos', 'Non-Metallic Minerals'),
    (69, 'Fertilizantes e Defensivos', 'Fertilizers and Defensives'),
    (70, 'Petroquímicos', 'Petrochemicals'),
    (71, 'Químicos Diversos', 'Miscellaneous Chemicals'),
    (72, 'Artefatos de Cobre', 'Copper Artifacts'),
    (73, 'Artefatos de Ferro e Aço', 'Iron and Steel Artifacts'),
    (74, 'Siderurgia', 'Steelmaking'),
    (75, 'Equipamentos e Serviços', 'Equipment and Services'),
    (76, 'Exploração. Refino e Distribuição', 'Exploration, Refining, and Distribution'),
    (77, 'Medicamentos e Outros Produtos', 'Medicines and Other Products'),
    (78, 'Equipamentos', 'Equipment'),
    (79, 'Medicamentos e Outros Produtos', 'Medicines and Other Products'),
    (80, 'Serv.Méd.Hospit..Análises e Diagnósticos', 'Medical, Hospital Services, Analysis, and Diagnostics'),
    (81, 'Computadores e Equipamentos', 'Computers and Equipment'),
    (82, 'Programas e Serviços', 'Programs and Services'),
    (83, 'Telecomunicações', 'Telecommunications'),
    (84, 'Água e Saneamento', 'Water and Sanitation'),
    (85, 'Energia Elétrica', 'Electric Power'),
    (86, 'Gás', 'Gas'),
    (101, 'Atividades Esportivas', 'Sports Activities'),
    (102, 'Tabaco', 'Tobacco'),
    (105, 'Produção e Difusão de Filmes e Programas', 'Film and Program Production and Distribution'),
    (106, 'Biotecnologia', 'Biotechnology'),
    (107, 'Publicidade', 'Advertising'),
    (108, 'Logística', 'Logistics'),
    (110, 'Eletrônicos', 'Electronics'),
    (111, 'Cinema e Entretenimento', 'Cinema and Entertainment'),
    (112, 'Mídia', 'Media');
